{
    "S1": {
        "fold_1_vs_fold_2": 0.5128205128205128,
        "fold_1_vs_fold_3": 0.5,
        "fold_1_vs_fold_4": 0.47619047619047616,
        "fold_2_vs_fold_1": 0.5256410256410257,
        "fold_2_vs_fold_3": 0.5128205128205128,
        "fold_2_vs_fold_4": 0.5595238095238095,
        "fold_3_vs_fold_1": 0.5,
        "fold_3_vs_fold_2": 0.5128205128205128,
        "fold_3_vs_fold_4": 0.5238095238095238,
        "fold_4_vs_fold_1": 0.5,
        "fold_4_vs_fold_2": 0.5256410256410257,
        "fold_4_vs_fold_3": 0.5769230769230769
    },
    "S2": {
        "fold_1_vs_fold_2": 0.5595238095238095,
        "fold_1_vs_fold_3": 0.5476190476190477,
        "fold_1_vs_fold_4": 0.5444444444444444,
        "fold_2_vs_fold_1": 0.5952380952380952,
        "fold_2_vs_fold_3": 0.6428571428571429,
        "fold_2_vs_fold_4": 0.6222222222222222,
        "fold_3_vs_fold_1": 0.5357142857142857,
        "fold_3_vs_fold_2": 0.5,
        "fold_3_vs_fold_4": 0.5111111111111111,
        "fold_4_vs_fold_1": 0.5238095238095238,
        "fold_4_vs_fold_2": 0.5833333333333334,
        "fold_4_vs_fold_3": 0.6666666666666666
    },
    "S21": {
        "fold_1_vs_fold_2": 0.5512820512820513,
        "fold_1_vs_fold_3": 0.5769230769230769,
        "fold_1_vs_fold_4": 0.5,
        "fold_2_vs_fold_1": 0.5897435897435898,
        "fold_2_vs_fold_3": 0.6410256410256411,
        "fold_2_vs_fold_4": 0.5952380952380952,
        "fold_3_vs_fold_1": 0.5128205128205128,
        "fold_3_vs_fold_2": 0.8333333333333334,
        "fold_3_vs_fold_4": 0.6666666666666666,
        "fold_4_vs_fold_1": 0.5641025641025641,
        "fold_4_vs_fold_2": 0.6282051282051282,
        "fold_4_vs_fold_3": 0.5641025641025641
    },
    "S31": {
        "fold_1_vs_fold_2": 0.6794871794871795,
        "fold_1_vs_fold_3": 0.5769230769230769,
        "fold_1_vs_fold_4": 0.5595238095238095,
        "fold_2_vs_fold_1": 0.7051282051282052,
        "fold_2_vs_fold_3": 0.5769230769230769,
        "fold_2_vs_fold_4": 0.7142857142857143,
        "fold_3_vs_fold_1": 0.5,
        "fold_3_vs_fold_2": 0.6538461538461539,
        "fold_3_vs_fold_4": 0.5238095238095238,
        "fold_4_vs_fold_1": 0.5897435897435898,
        "fold_4_vs_fold_2": 0.717948717948718,
        "fold_4_vs_fold_3": 0.6794871794871795
    },
    "S34": {
        "fold_1_vs_fold_2": 0.5,
        "fold_1_vs_fold_3": 0.5,
        "fold_1_vs_fold_4": 0.5921052631578947,
        "fold_2_vs_fold_1": 0.5,
        "fold_2_vs_fold_3": 0.6216216216216216,
        "fold_2_vs_fold_4": 0.5131578947368421,
        "fold_3_vs_fold_1": 0.5675675675675675,
        "fold_3_vs_fold_2": 0.6081081081081081,
        "fold_3_vs_fold_4": 0.5657894736842105,
        "fold_4_vs_fold_1": 0.7972972972972973,
        "fold_4_vs_fold_2": 0.581081081081081,
        "fold_4_vs_fold_3": 0.6621621621621622
    },
    "S39": {
        "fold_1_vs_fold_2": 0.47297297297297297,
        "fold_1_vs_fold_3": 0.47297297297297297,
        "fold_1_vs_fold_4": 0.47368421052631576,
        "fold_2_vs_fold_1": 0.5,
        "fold_2_vs_fold_3": 0.7162162162162162,
        "fold_2_vs_fold_4": 0.6973684210526315,
        "fold_3_vs_fold_1": 0.527027027027027,
        "fold_3_vs_fold_2": 0.6621621621621622,
        "fold_3_vs_fold_4": 0.8421052631578947,
        "fold_4_vs_fold_1": 0.527027027027027,
        "fold_4_vs_fold_2": 0.6621621621621622,
        "fold_4_vs_fold_3": 0.6621621621621622
    },
    "S5": {
        "fold_1_vs_fold_2": 0.5128205128205128,
        "fold_1_vs_fold_3": 0.5,
        "fold_1_vs_fold_4": 0.5,
        "fold_2_vs_fold_1": 0.5897435897435898,
        "fold_2_vs_fold_3": 0.5128205128205128,
        "fold_2_vs_fold_4": 0.5,
        "fold_3_vs_fold_1": 0.46153846153846156,
        "fold_3_vs_fold_2": 0.44871794871794873,
        "fold_3_vs_fold_4": 0.5,
        "fold_4_vs_fold_1": 0.5128205128205128,
        "fold_4_vs_fold_2": 0.48717948717948717,
        "fold_4_vs_fold_3": 0.5
    },
    "S9": {
        "fold_1_vs_fold_2": 0.8205128205128205,
        "fold_1_vs_fold_3": 0.6794871794871795,
        "fold_1_vs_fold_4": 0.6829268292682927,
        "fold_2_vs_fold_1": 0.7692307692307693,
        "fold_2_vs_fold_3": 0.7948717948717948,
        "fold_2_vs_fold_4": 0.8170731707317073,
        "fold_3_vs_fold_1": 0.6025641025641025,
        "fold_3_vs_fold_2": 0.7307692307692307,
        "fold_3_vs_fold_4": 0.8780487804878049,
        "fold_4_vs_fold_1": 0.782051282051282,
        "fold_4_vs_fold_2": 0.9230769230769231,
        "fold_4_vs_fold_3": 0.8846153846153846
    }
}